{
  "project_info": {
    "project_number": "349544550818",
    "firebase_url": "https://pet-adoption-3a25d.firebaseio.com",
    "project_id": "pet-adoption-3a25d",
    "storage_bucket": "pet-adoption-3a25d.appspot.com"
  },
  "client": [
    {
      "client_info": {
        "mobilesdk_app_id": "1:349544550818:android:96da2f39f3348a1b",
        "android_client_info": {
          "package_name": "com.inersya.pet_adoption"
        }
      },
      "oauth_client": [
        {
          "client_id": "349544550818-pouj4ib46895scf65u29kdnfj1mq8m4l.apps.googleusercontent.com",
          "client_type": 1,
          "android_info": {
            "package_name": "com.inersya.pet_adoption",
            "certificate_hash": "4ae8c2e01b588dbd3d4434d3b66dedde484f0bd8"
          }
        },
        {
          "client_id": "349544550818-nbvvoa3hfofsbln7i4624plgbu9ci90k.apps.googleusercontent.com",
          "client_type": 3
        }
      ],
      "api_key": [
        {
          "current_key": "AIzaSyBR4z-kmN-QhGIVeA1zgoVkerv4Jw7mxKI"
        }
      ],
      "services": {
        "appinvite_service": {
          "other_platform_oauth_client": [
            {
              "client_id": "349544550818-nbvvoa3hfofsbln7i4624plgbu9ci90k.apps.googleusercontent.com",
              "client_type": 3
            }
          ]
        }
      }
    }
  ],
  "configuration_version": "1"
}